	year	stadium	counts
0	1930	Estadio del Centenario (Montevideo)	10
1	1930	Parque Central (Montevideo)	6
2	1930	Pocitos (Montevideo)	2
3	1934	Benito Mussolini (Torino)	2
4	1934	Giorgio Ascarelli (Napoli)	2
5	1934	Giovanni Berta (Firenze)	3
6	1934	Luigi Ferraris (Genova)	1
7	1934	San Siro (Milano)	3
8	1934	Stadio Littoriale (Bologna)	2
9	1934	Stadio Nazionale del PNF (Roma)	3
10	1934	Stadio del Littorio (Trieste)	1
11	1938	Chapou (Toulouse)	2
12	1938	Fort Carr퀌� (Antibes)	1
13	1938	Parc Lescure (Bordeaux)	3
14	1938	Parc des Princes (Paris)	3
15	1938	Stade Olympique de Colombes (Paris)	3
16	1938	Stade de la Cav퀌�e Verte (Le Havre)	1
17	1938	Stade de la Meinau (Strasbourg)	1
18	1938	Victor Boucquey (Lille)	1
19	1938	V퀌�lodrome (Marseille)	2
20	1938	V퀌�lodrome Municipal (Reims)	1
21	1950	Durival de Britto e Silva (Curitiba)	2
22	1950	Est퀌�dio Independ퀌�ncia (Belo Horizonte)	3
23	1950	Est퀌�dio dos Eucaliptos (Porto Alegre)	2
24	1950	Ilha do Retiro (Recife)	1
25	1950	Maracan퀌� (Rio de Janeiro)	8
26	1950	Pacaembu (S퀌�o Paulo)	6
27	1954	Hardturm (Z퀌_rich)	5
28	1954	Les Charmilles (Gen퀌�ve)	4
29	1954	St. Jakob (Basel)	6
30	1954	Stade Olympique de la Pontaise (Lausanne)	5
31	1954	Stadio Comunale di Cornaredo (Lugano)	1
32	1954	Wankdorf (Bern)	5
33	1958	Arosvallen (V퀌_ster퀌�s)	2
34	1958	Eyravallen (퀌_rebro)	1
35	1958	Idrottsparken (Norrk퀌_ping)	3
36	1958	Jernvallen (Sandviken)	2
37	1958	Malm퀌_ Stadion (Malm퀌_)	4
38	1958	Nya Ullevi (G퀌_teborg)	7
39	1958	Olympiastadion (Helsingborg)	2
40	1958	Rimnersvallen (Uddevalla)	1
41	1958	Ryavallen (Bor퀌�s)	2
42	1958	R퀌�sunda (Solna, Stockholm)	8
43	1958	Tunavallen (Eskilstuna)	1
44	1958	퀌_rjans Vall (Halmstad)	2
45	1962	Braden Copper (Rancagua)	7
46	1962	Carlos Dittborn (Arica)	7
47	1962	Estadio Nacional (Santiago de Chile)	10
48	1962	Sausalito (Vi퀌�a del Mar)	8
49	1966	Ayresome Park (Middlesbrough)	3
50	1966	Goodison Park (Liverpool)	5
51	1966	Hillsborough (Sheffield)	4
52	1966	Old Trafford (Manchester)	3
53	1966	Roker Park (Sunderland)	4
54	1966	Villa Park (Birmingham)	3
55	1966	Wembley (London)	9
56	1966	White City (London)	1
57	1970	Cuauht퀌�moc (Puebla)	3
58	1970	Estadio Azteca (M퀌�xico D.F.)	10
59	1970	Estadio Guanajuato (Le퀌_n)	7
60	1970	Estadio Jalisco (Guadalajara)	8
61	1970	Luis Guti퀌�rrez Dosal (Toluca)	4
62	1974	Neckarstadion (Stuttgart)	4
63	1974	Niedersachsenstadion (Hannover)	4
64	1974	Olympiastadion (M퀌_nchen)	5
65	1974	Olympiastadion (West-Berlin)	3
66	1974	Parkstadion (Gelsenkirchen)	5
67	1974	Rheinstadion (D퀌_sseldorf)	5
68	1974	Volksparkstadion (Hamburg)	3
69	1974	Waldstadion (Frankfurt am Main)	5
70	1974	Westfalenstadion (Dortmund)	4
71	1978	El Gigante de Arroyito (Rosario)	6
72	1978	Estadio Monumental (Buenos Aires)	9
73	1978	Estadio Ol퀌_mpico ?�Chateau Carreras? (C퀌_rdoba)	8
74	1978	Jos퀌� Amalfitani (Buenos Aires)	3
75	1978	Jos퀌� Mar퀌_a Minella (Mar del Plata)	6
76	1978	Malvinas Argentinas (Mendoza)	6
77	1982	Bala퀌_dos (Vigo)	3
78	1982	Benito Villamar퀌_n (Sevilla)	2
79	1982	Camp Nou (Barcelona)	5
80	1982	Carlos Tartiere (Oviedo)	3
81	1982	El Molin퀌_n (Gij퀌_n)	3
82	1982	Jos퀌� Rico P퀌�rez (Alicante)	3
83	1982	La Romareda (Zaragoza)	3
84	1982	La Rosaleda (M퀌�laga)	3
85	1982	Luis Casanova (Valencia)	3
86	1982	Nuevo Estadio (Elche)	3
87	1982	Nuevo Jos퀌� Zorrilla (Valladolid)	3
88	1982	Ram퀌_n S퀌�nchez Pizju퀌�n (Sevilla)	2
89	1982	Riazor (La Coru퀌�a)	3
90	1982	San Mam퀌�s (Bilbao)	3
91	1982	Santiago Bernab퀌�u (Madrid)	4
92	1982	Sarri퀌� (Barcelona)	3
93	1982	Vicente Calder퀌_n (Madrid)	3
94	1986	Estadio Azteca (M퀌�xico D.F.)	9
95	1986	Estadio Cuauht퀌�moc (Puebla)	5
96	1986	Estadio Jalisco (Guadalajara)	7
97	1986	Estadio Neza '86 (Nezahualc퀌_yotl)	3
98	1986	Estadio Ol퀌_mpico ?�M퀌�xico 68? (M퀌�xico D.F.)	4
99	1986	Estadio Tecnol퀌_gico (Monterrey)	3
100	1986	Estadio Universitario (Monterrey)	5
101	1986	La Bombonera (Toluca)	3
102	1986	La Corregidora (Quer퀌�taro)	4
103	1986	Nou Camp (Le퀌_n)	4
104	1986	Revoluci퀌_n Mexicana (Irapuato)	3
105	1986	Tres de Marzo (Guadalajara)	2
106	1990	Giuseppe Meazza (Milano)	6
107	1990	La Favorita (Palermo)	3
108	1990	Luigi Ferraris (Genova)	4
109	1990	Marc'Antonio Bentegodi (Verona)	4
110	1990	Renato dall'Ara (Bologna)	4
111	1990	San Nicola (Bari)	5
112	1990	San Paolo (Napoli)	5
113	1990	Sant'Elia (Cagliari)	3
114	1990	Stadio Comunale (Firenze)	4
115	1990	Stadio Friuli (Udine)	3
116	1990	Stadio Olimpico (Roma)	6
117	1990	Stadio delle Alpi (Torino)	5
118	1994	Citrus Bowl (Orlando)	5
119	1994	Cotton Bowl (Dallas)	6
120	1994	Foxboro Stadium (Foxboro, Boston)	6
121	1994	Giants Stadium (New Jersey, New York)	7
122	1994	Pontiac Silverdome (Detroit)	4
123	1994	RFK Memorial Stadium (Washington D.C.)	5
124	1994	Rose Bowl (Pasadena, Los Angeles)	8
125	1994	Soldier Field (Chicago)	5
126	1994	Stanford Stadium (Palo Alto, San Francisco)	6
127	1998	F퀌�lix Bollaert (Lens)	6
128	1998	Geoffroy Guichard (Saint-퀌�tienne)	6
129	1998	La Beaujoire (Nantes)	6
130	1998	Parc Lescure (Bordeaux)	6
131	1998	Parc des Princes (Paris)	6
132	1998	Stade Municipal (Toulouse)	6
133	1998	Stade de France (Saint-Denis , Paris)	8
134	1998	Stade de France (Saint-Denis, Paris)	1
135	1998	Stade de Gerland (Lyon)	6
136	1998	Stade de la Mosson (Montpellier)	6
137	1998	V퀌�lodrome (Marseille)	7
138	2002	Asiad Ju Gyeonggijang ?� Asiad Main Stadium (Busan)	3
139	2002	Daegu World Cup Gyeonggijang ?� Daegu World Cup Stadium (Daegu)	4
140	2002	Daejeon World Cup Gyeonggijang ?� Daejeon World Cup Stadium (Daejeon)	3
141	2002	Gwangju World Cup Gyeonggijang ?� Gwangju World Cup Stadium (Gwangju)	3
142	2002	Jeju World Cup Gyeonggijang ?� Jeju World Cup Stadium (Seogwipo)	3
143	2002	Jeonju World Cup Gyeonggijang ?� Jeonju World Cup Stadium (Jeonju)	3
144	2002	Kashima Sutajiamu ?� Kashima Stadium (Ibaraki)	3
145	2002	Kokusai Sogo Kyogijo ?� International Stadium (Yokohama)	4
146	2002	Miyagi Sutajiamu ?� Miyagi Stadium (Miyagi)	3
147	2002	Munhak Gyeonggijang ?� Literary Stadium (Incheon)	3
148	2002	Munsu Chukku Gyeonggijang ?� Munsu Football Stadium (Ulsan)	3
149	2002	Nagai Rikujo Kyogijo ?� Nagai Stadium (Osaka)	3
150	2002	Niigata Sutajiamu ?�Biggu Suwan? ?� Niigata Stadium ?�Big Swan? (Niigata)	3
151	2002	Oita Sutajiamu ?�Biggu Ai? ?� Oita Stadium ?�Big Eye? (Oita)	3
152	2002	Saitama Sutajiamu 2002 ?� Saitama Stadium 2002 (Saitama)	4
153	2002	Sapporo Domu ?�Hiroba? ?� Sapporo Dome ?�Square? (Sapporo)	3
154	2002	Seoul World Cup Gyeonggijang ?� Seoul World Cup Stadium (Seoul)	3
155	2002	Sutajiamu ?�Ekopa? ?� Stadium ?�Ecopa? (Shizuoka)	3
156	2002	Suwon World Cup Gyeonggijang ?� Suwon World Cup Stadium (Suwon)	4
157	2002	Uingu Sutajiamu ?� Wing Stadium (Kobe)	3
158	2006	AOL Arena (Hamburg)	5
159	2006	AWD-Arena (Hannover)	5
160	2006	Allianz Arena (M퀌_nchen)	6
161	2006	Arena AufSchalke (Gelsenkirchen)	5
162	2006	Frankenstadion (N퀌_rnberg)	5
163	2006	Fritz-Walter-Stadion (Kaiserslautern)	5
164	2006	Gottlieb-Daimler-Stadion (Stuttgart)	6
165	2006	Olympiastadion (Berlin)	6
166	2006	RheinEnergieStadion (K퀌_ln)	5
167	2006	Signal Iduna Park (Dortmund)	6
168	2006	Waldstadion (Frankfurt am Main)	5
169	2006	Zentralstadion (Leipzig)	5
170	2010	Cape Town Stadium (Cape Town)	8
171	2010	Ellis Park Stadium (Johannesburg)	7
172	2010	Free State Stadium (Bloemfontein)	6
173	2010	Loftus Versfeld Stadium (Pretoria)	6
174	2010	Mbombela Stadium (Nelspruit)	4
175	2010	Moses Mabhida Stadium (Durban)	7
176	2010	Nelson Mandela Bay Stadium (Port Elizabeth)	8
177	2010	Peter Mokaba Stadium (Polokwane)	4
178	2010	Royal Bafokeng Stadium (Rustenburg)	6
179	2010	Soccer City (Johannesburg)	8
180	2014	Arena Corinthians (S�o Paulo)	6
181	2014	Arena Fonte Nova (Salvador)	6
182	2014	Arena Pantanal (Cuiab퀌�)	4
183	2014	Arena Pernambuco (Recife)	5
184	2014	Arena da Amaz��nia (Manaus)	4
185	2014	Arena da Baixada (Curitiba)	4
186	2014	Arena das Dunas (Natal)	4
187	2014	Castel�o (Fortaleza)	6
188	2014	Est퀌�dio Beira-Rio (Porto Alegre)	5
189	2014	Est퀌�dio Nacional de Bras퀌_lia (Bras퀌_lia)	7
190	2014	Maracan� (Rio de Janeiro)	7
191	2014	Mineir�o (Belo Horizonte)	6
