26155754,created_by,YahooApplet 1.0,
26201708,created_by,YahooApplet 1.0,
26218121,created_by,YahooApplet 1.0,
28109016,highway,crossing,
28352471,created_by,JOSM,
28800775,highway,crossing,
28800775,crossing,traffic_signals,
28991130,highway,traffic_signals,
29039420,highway,crossing,
29692304,bicycle,yes,
29692304,highway,crossing,
29692304,crossing,traffic_signals,
29777020,highway,crossing,
29777020,crossing,traffic_signals,
30674213,ele,760,
30674213,name,São Caetano do Sul,
30674213,rank,30,
30674213,place,city,
30674213,wikipedia,pt:São Caetano do Sul,
30674213,population,158024,
34034927,name,Suzano,
34034927,place,city,
34034927,population,265074,
34034927,wikidata,Q737670,
59828218,created_by,JOSM,
60641341,highway,traffic_signals,
129958527,highway,traffic_signals,
142793063,highway,traffic_signals,
155402556,highway,traffic_signals,
175993483,highway,traffic_signals,
205160244,tourism,Autódromo José Carlos Pace,
244064490,created_by,JOSM,
246651712,highway,traffic_signals,
248100251,created_by,JOSM,
252528632,created_by,JOSM,
254749885,created_by,JOSM,
255630450,created_by,JOSM,
255630590,created_by,JOSM,
256514715,created_by,JOSM,
256515061,created_by,JOSM,
256517658,created_by,JOSM,
265445506,highway,traffic_signals,
296143197,highway,traffic_signals,
296143197,crossing,uncontrolled,
301190099,highway,mini_roundabout,
302932025,highway,traffic_signals,
303867624,highway,mini_roundabout,
304693513,highway,traffic_signals,
307004214,highway,traffic_signals,
318584667,railway,level_crossing,
335941022,name,Ninim,
335941022,shop,car_repair,
367575776,noexit,yes,
367943048,name,Colégio Tableau,
367943048,amenity,school,
368179964,name,Sorocabuçu,
368179964,place,hamlet,
368179964,source,IBGE,
368179964,alt_name,Bairro Sorocabuçu,
387095733,highway,traffic_signals,
387903230,highway,turning_circle,
394912598,highway,traffic_signals,
409500949,highway,mini_roundabout,
440406270,highway,traffic_signals,
456330295,amenity,pharmacy,
457026724,highway,traffic_signals,
462002030,highway,mini_roundabout,
467994728,highway,traffic_signals,
472220821,name,Borges,
472220821,amenity,taxi,
507071859,name,91o. Distrito Policial,
507071859,amenity,police,
532650703,name,Parada Periperi,
532650703,highway,bus_stop,
532650703,shelter,yes,
534453575,highway,turning_circle,
536152955,source,IBGE,
536158983,source,IBGE,
536161330,source,IBGE,
536162318,source,IBGE,
536165168,source,IBGE,
536167770,source,IBGE,
536169947,source,IBGE,
536172268,source,IBGE,
536176946,source,IBGE,
536179517,source,IBGE,
536181060,source,IBGE,
536182508,source,IBGE,
536182975,source,IBGE,
536184303,source,IBGE,
536185221,source,IBGE,
536188294,source,IBGE,
536191184,source,IBGE,
536194523,source,IBGE,
536198490,source,IBGE,
536200078,source,IBGE,
536207702,source,IBGE,
536218036,source,IBGE,
555542060,highway,crossing,
598678145,amenity,bank,
598678145,atm,yes,
598678145,name,HSBC,
598678145,operator,HSBC,
615630538,highway,traffic_signals,
615770866,name,Chico de Paula,
615770866,place,suburb,
627949655,highway,traffic_signals,
656324713,name,Botujuru,
656324713,public_transport,stop_position,
656324713,railway,stop,
656324713,train,yes,
660766766,noexit,yes,
660766875,highway,crossing,
663049866,highway,traffic_signals,
701139121,power,tower,
745730429,name,Ponto Policia Militar,
745730429,amenity,police,
778066243,highway,traffic_signals,
804595325,noexit,yes,
1004651647,name,Choperia Liberdade,
1004651647,source,picture,
1004651647,amenity,pub,
1042136505,name,Condomínio Edifício Itaquere Heliport,
1042136505,source,ourairports.com,
1042136505,aeroway,helipad,
1042139034,name,CFAPP Heliport,
1042139034,source,ourairports.com,
1042139034,aeroway,helipad,
1049675127,noexit,yes,
1071063240,power,tower,
1100647724,highway,traffic_signals,
1111596809,amenity,place_of_worship,
1111596809,religion,christian,
1111783831,fixme,continue,
1111784175,highway,turning_circle,
1117699508,highway,traffic_signals,
1252708312,highway,bus_stop,
1295567159,highway,crossing,
1327025383,highway,turning_circle,
1354794116,noexit,yes,
1360431888,highway,turning_circle,
1368142554,noexit,yes,
1373435421,bus,yes,
1373435421,public_transport,stop_position,
1378084697,noexit,yes,
1389041057,highway,traffic_signals,
1393378588,highway,crossing,
1397365930,noexit,yes,
1397984576,highway,traffic_signals,
1397985738,traffic_calming,bump,
1398429739,amenity,parking,
1401437372,source,Bing,
1401437372,highway,turning_circle,
1401866420,highway,traffic_signals,
1401866420,traffic_signals,signal,
1406206189,highway,crossing,
1409375224,power,tower,
1409491281,power,tower,
1417380877,noexit,yes,
1418408578,highway,turning_circle,
1419547756,highway,traffic_signals,
1422697736,highway,crossing,
1429046195,name,Hospital Heliópolis,
1429046195,amenity,hospital,
1434765976,traffic_calming,bump,
1448487431,highway,turning_circle,
1452864409,name,Bar Aurora,
1452864409,amenity,bar,
1488041071,noexit,yes,
1513005766,noexit,yes,
1514277492,name,Jardim Cassiano Ricardo,
1514277492,place,suburb,
1514277492,source,Bing,
1514812813,noexit,yes,
1519342498,highway,crossing,
1538576199,power,tower,
1546889978,railway,switch,
1547020332,name,Heritage Tram Stop,
1547020332,railway,tram_stop,
1549433602,highway,crossing,
1602510163,highway,traffic_signals,
1642247726,highway,mini_roundabout,
1644926248,name,Drogaria Esplanada,
1644926248,amenity,pharmacy,
1644926248,dispensing,yes,
1644926248,street,Avenida Anchieta,addr
1644972510,amenity,telephone,
1645075613,name,Deck Anchieta,
1645075613,tourism,viewpoint,
1647549767,bus,yes,
1647549767,highway,bus_stop,
1647549767,public_transport,platform,
1649642231,highway,crossing,
1656130598,shop,bakery,
1656722753,noexit,yes,
1656722753,source,Bing,
1661684529,barrier,gate,
1673737220,name,Bidu,
1673737220,shop,convenience,
1673925177,noexit,yes,
1673925177,source,Bing,
1674113401,city,São Paulo,addr
1674113401,street,Rua João Mafra,addr
1674113401,country,BR,addr
1674113401,postcode,04288-000,addr
1674113401,housenumber,527,addr
1677377062,highway,turning_circle,
1678466582,noexit,yes,
1678466582,source,Bing,
1679429272,highway,traffic_signals,
1707834662,highway,crossing,
1707834662,crossing,uncontrolled,
1707834662,crossing_ref,zebra,
1724441394,highway,turning_circle,
1733454951,noexit,yes,
1747675325,noexit,yes,
1747675325,source,Bing,
1751860793,highway,crossing,
1753263333,traffic_calming,bump,
1780618633,power,tower,
1782623457,name,Padaria Bienal,
1782623457,shop,bakery,
1782818592,name,Museu Municipal de São Caetano do Sul,
1782818592,tourism,museum,
1785559639,highway,turning_circle,
1789133245,shop,convenience,
1792420193,highway,traffic_signals,
1801257262,amenity,bar,
1805516052,highway,turning_circle,
1805516180,highway,turning_circle,
1806470755,noexit,yes,
1810032712,highway,turning_circle,
1810032893,highway,turning_circle,
1814069335,power,tower,
1814090335,power,tower,
1814159601,highway,turning_circle,
1820922638,name,Parada Oratório,
1820922638,highway,bus_stop,
1824963568,highway,bus_stop,
1831379065,bus,yes,
1831379065,public_transport,stop_position,
1836671680,highway,turning_circle,
1836711087,highway,turning_circle,
1836936308,bus,yes,
1836936308,highway,bus_stop,
1836936308,local_ref,Portaria 3,
1836936308,public_transport,platform,
1842239360,highway,traffic_signals,
1844647639,noexit,yes,
1844647639,source,Bing,
1863783952,power,tower,
1864694191,power,tower,
1864694500,power,tower,
1864694702,power,tower,
1864694893,power,tower,
1864719033,power,tower,
1864775756,power,tower,
1866058545,highway,turning_circle,
1882363380,public_transport,platform,
1905770036,highway,crossing,
1905770036,crossing_ref,zebra,
1907120046,traffic_calming,bump,
1909484729,source,Bing,
1909484729,highway,turning_circle,
1910726219,alt_name,Vila Amália,
1910726219,name,Vila Amélia,
1910726219,place,suburb,
1919992065,highway,turning_circle,
1930734933,amenity,telephone,
1930734933,operator,Vivo,
1930734933,telephone_cards,yes,payment
1933825977,highway,bus_stop,
1933825977,wheelchair,yes,
1933825977,public_transport,platform,
1934482836,public_transport,stop_position,
1937130531,public_transport,stop_position,
1938339398,highway,bus_stop,
1938339398,public_transport,platform,
1938712192,highway,bus_stop,
1938712192,public_transport,platform,
1942703857,highway,bus_stop,
1942703857,public_transport,platform,
1947570407,natural,tree,
1947782559,power,pole,
1947806847,power,pole,
1949560742,power,tower,
1950127561,amenity,drinking_water,
1956565610,highway,crossing,
1965406010,bus,yes,
1965406010,public_transport,stop_position,
1979522900,highway,turning_circle,
1987024532,noexit,yes,
2003645828,noexit,yes,
2003645828,source,Bing,
2006275239,name,CRUSP,
2006275239,source,Circular 1,
2006275239,highway,bus_stop,
2006275239,shelter,yes,
2006275239,local_ref,Restaurante Central,
2006275239,public_transport,platform,
2028482709,name,Multicoisas,
2028482709,shop,doityourself,
2043173811,power,tower,
2051906275,noexit,yes,
2051906275,source,Bing,
2053700578,power,tower,
2057184590,amenity,taxi,
2061414232,highway,traffic_signals,
2061529860,leisure,playground,
2061754105,amenity,school,
2062518753,shop,doityourself,
2062518753,description,Materiais para construção,
2062561595,historic,monument,
2067953504,amenity,bench,
2069272315,amenity,bar,
2085247399,shop,doityourself,
2091713971,power,tower,
2095836619,power,tower,
2104363112,name,Supermercado Lopesa,
2104363112,shop,supermarket,
2125883736,power,tower,
2125884234,power,tower,
2125885286,power,tower,
2125886355,power,tower,
2125886798,power,tower,
2125887235,power,tower,
2129440985,name,13º DP,
2129440985,amenity,police,
2145776725,barrier,gate,
2145777496,highway,turning_circle,
2145777597,noexit,yes,
2147192927,noexit,yes,
2147193132,highway,mini_roundabout,
2147193243,highway,turning_circle,
2147193766,highway,turning_circle,
2152362790,noexit,yes,
2156454169,highway,bus_stop,
2223212676,amenity,telephone,
2267825104,bus,yes,
2267825104,public_transport,stop_position,
2275765932,name,Villa Grano Pães,
2275765932,shop,bakery,
2275765932,street,Rua Borges Lagoa,addr
2275765932,housenumber,371,addr
2288246246,atm,yes,
2288246246,name,Banco Itaú,
2288246246,amenity,bank,
2288246246,wheelchair,yes,
2298155932,highway,traffic_signals,
2298167013,highway,turning_circle,
2308364453,power,tower,
2308754709,highway,turning_circle,
2308897884,highway,crossing,
2310461943,barrier,gate,
2310461943,entrance,yes,
2339924086,power,tower,
2343417304,bicycle,yes,
2343417304,highway,crossing,
2344661236,power,tower,
2352240749,power,tower,
2357332875,highway,traffic_signals,
2367537609,crossing_ref,zebra,
2367537609,highway,crossing,
2367537609,source,Bing,
2367537609,uncontrolled,yes,
2375039945,highway,crossing,
2387133352,highway,crossing,
2389060571,bicycle,yes,
2389060571,highway,crossing,
2391261455,highway,crossing,
2396874851,highway,crossing,
2396874851,crossing,traffic_signals,
2397812501,barrier,gate,
2402973786,man_made,tower,
2402973786,type,communication,tower
2402973786,mobile_phone,yes,communication
2417011255,power,tower,
2420349549,power,tower,
2420663887,power,tower,
2421036956,name,Extra Fácil,
2421036956,shop,supermarket,
2421036956,operator,Companhia Brasileira de Distribuição,
2421380823,power,tower,
2424007539,power,tower,
2426181769,highway,crossing,
2426181769,crossing,traffic_signals,
2427423511,bicycle,yes,
2427423511,highway,crossing,
2427423511,crossing,traffic_signals,
2428447176,amenity,school,
2429651322,highway,crossing,
2434615538,power,tower,
2434659363,power,tower,
2435475032,highway,crossing,
2435938632,power,tower,
2435970505,power,tower,
2439338185,highway,crossing,
2449978253,highway,traffic_signals,
2451555626,highway,crossing,
2453466124,highway,crossing,
2453466230,highway,crossing,
2453489480,amenity,parking,
2453626781,highway,crossing,
2454667272,highway,crossing,
2454873793,highway,crossing,
2455757987,highway,crossing,
2455758087,highway,crossing,
2456171443,highway,crossing,
2461787375,highway,crossing,
2462089649,highway,crossing,
2462816547,highway,crossing,
2463889782,crossing,traffic_signals,
2463889782,highway,crossing,
2466086492,crossing,traffic_signals,
2466086492,highway,crossing,
2472782066,bicycle,yes,
2472782066,highway,crossing,
2472886595,source,survey,
2472886595,city,Mairiporã,addr
2472886595,state,São Paulo,addr
2472886595,street,Rua Quinze de Novembro,addr
2472886595,country,BR,addr
2472886595,postcode,07600000,addr
2472886595,housenumber,22,addr
2473961351,power,tower,
2473961596,power,tower,
2473961763,power,tower,
2473963317,power,tower,
2473963657,power,tower,
2473964010,power,tower,
2473964206,power,tower,
2473964391,power,tower,
2488129722,highway,crossing,
2499516425,bicycle,yes,
2499516425,highway,crossing,
2502231840,power,tower,
2502231993,power,tower,
2513875705,highway,crossing,
2513875925,highway,crossing,
2514281755,highway,crossing,
2515028217,power,tower,
2515028452,power,tower,
2515028625,power,tower,
2515028750,power,tower,
2515028857,power,tower,
2515028967,power,tower,
2515029268,power,tower,
2515029368,power,tower,
2515851432,power,tower,
2515851883,power,tower,
2515852060,power,tower,
2515852173,power,tower,
2515852301,power,tower,
2516229252,power,tower,
2516229576,power,tower,
2516229701,power,tower,
2516229829,power,tower,
2516230084,power,tower,
2516230225,power,tower,
2516654498,power,tower,
2516654651,power,tower,
2516654881,power,tower,
2516654988,power,tower,
2520196216,highway,crossing,
2520923614,highway,crossing,
2521280157,name,Oficina,
2521280157,shop,car_repair,
2521280157,street,Avenida Bogaert,addr
2521280157,housenumber,261,addr
2522075634,highway,crossing,
2522578657,highway,crossing,
2522578763,highway,crossing,
2524219336,highway,crossing,
2524664742,highway,crossing,
2524665404,bicycle,yes,
2524665404,highway,crossing,
2524913723,highway,traffic_signals,
2526379778,bicycle,yes,
2526379778,highway,crossing,
2527410819,highway,crossing,
2528375675,highway,crossing,
2528656578,highway,crossing,
2528656885,highway,crossing,
2529206242,city,São Paulo,addr
2529206242,street,Alameda dos Maracatins,addr
2529206242,country,BR,addr
2529206242,housenumber,1721,addr
2529206380,street,Avenida Botuquara,addr
2529206380,housenumber,73,addr
2529920224,street,Rua do Lavapés,addr
2529920224,housenumber,1138,addr
2529920336,highway,crossing,
2532735234,street,Rua Dom Antonio Galvão,addr
2532735234,housenumber,394,addr
2535442583,highway,crossing,
2535442778,bicycle,yes,
2535442778,highway,crossing,
2537137942,highway,crossing,
2537270632,street,Rua Agostinho Gomes,addr
2537270632,postcode,04206-001,addr
2537270632,housenumber,2424,addr
2537270741,highway,crossing,
2537315243,power,tower,
2537959691,highway,crossing,
2537960240,highway,crossing,
2538318363,bus,yes,
2538318363,public_transport,stop_position,
2538318512,highway,traffic_signals,
2542364953,street,Rua Guarda de Honra,addr
2542364953,postcode,04201-070,addr
2542364953,housenumber,333,addr
2542365147,highway,crossing,
2549366358,highway,crossing,
2549366585,highway,crossing,
2552447797,highway,crossing,
2552936974,highway,crossing,
2554747985,power,tower,
2555935511,power,tower,
2555968089,power,tower,
2555968482,power,tower,
2556198922,source,survey,
2556198922,bicycle,yes,
2556198922,highway,crossing,
2556198922,crossing,traffic_signals,
2556199221,bicycle,yes,
2556199221,highway,crossing,
2556199221,crossing,traffic_signals,
2556252963,power,tower,
2556253063,power,tower,
2556253167,power,tower,
2560208321,power,tower,
2560208521,power,tower,
2560208714,power,tower,
2560325257,power,tower,
2560325358,power,tower,
2560350569,power,tower,
2560443634,power,tower,
2560458968,power,tower,
2560486854,power,tower,
2564246354,man_made,water_tower,
2569025233,highway,traffic_signals,
2569025233,traffic_signals,signal,
2571387808,highway,crossing,
2571388011,highway,crossing,
2572799841,highway,crossing,
2574546207,phone,+55 11 4393 0983,
2574546207,amenity,telephone,
2575128459,highway,crossing,
2577302535,highway,crossing,
2577302670,highway,crossing,
2577302825,highway,crossing,
2578181615,highway,crossing,
2578181766,highway,crossing,
2578309464,power,tower,
2581828877,name,Ponto Padre Bento,
2581828877,amenity,taxi,
2581828877,capacity,8,
2583653941,highway,crossing,
2584190487,name,Restaurante Princesa Catumbi,
2584190487,amenity,restaurant,
2584190487,cuisine,regional,
2584190487,capacity,100,
2584190487,city,São Paulo,addr
2584190487,street,Rua Catumbi,addr
2584190487,postcode,03021-000,addr
2584190487,opening_hours,07:00-22:00,
2584190487,housenumber,878,addr
2587755756,highway,crossing,
2593135137,power,tower,
2601167198,city,São Paulo,addr
2601167198,housenumber,585,addr
2601167198,postcode,03032.030,addr
2601167198,street,Rua Carnot,addr
2601167198,building,warehouse,
2601167198,name,Deposito de Importados,
2602360687,city,São Paulo,addr
2602360687,housenumber,177,addr
2602360687,postcode,02214-100,addr
2602360687,street,Rua Maria Augusta,addr
2602360687,building,house,
2610217617,street,Praça Costa Barbosa,addr
2610217617,housenumber,44,addr
2613725525,name,Riccó Moveis para Escritorio,
2613725525,building,industrial,
2613725525,city,São Paulo,addr
2613725525,street,Rua Manuel Ramos Paiva,addr
2613725525,postcode,03021-060,addr
2613725525,housenumber,48,addr
2614092829,city,São Paulo,addr
2614092829,housenumber,3277,addr
2614092829,postcode,02135-001,addr
2614092829,street,Avenida Conceição,addr
2614092829,building,warehouse,
2614092829,name,Sidmar Logistica Editorial,
2614092829,opening_hours,Mo-Fr 08:00-18:00,
2614771298,highway,crossing,
2614771414,highway,crossing,
2615152200,highway,crossing,
2615576928,highway,crossing,
2616868186,name,Nextway Informatica,
2616868186,source,http://www.portaldobitcoin.com.br,
2616868186,website,http://www.nextwayinformatica.com.br,
2616868186,coins,yes,payment
2616868186,bitcoin,yes,payment
2617968761,city,São Paulo,addr
2617968761,housenumber,414,addr
2617968761,postcode,02214-100,addr
2617968761,street,Rua Maria Augusta,addr
2617968761,building,house,
2618943453,power,tower,
2620101161,traffic_calming,hump,
2623815601,highway,crossing,
2625097492,building,house,
2625097492,city,São Paulo,addr
2625097492,street,Rua Marquês de Abrantes,addr
2625097492,postcode,03060-020,addr
2625097492,housenumber,145,addr
2625960535,power,tower,
2628675239,building,house,
2628675239,city,São Paulo,addr
2628675239,street,Rua Capitão Rubens,addr
2628675239,housenumber,234,addr
2632211682,highway,turning_circle,
2632320710,name,Líder do Campestre,
2632320710,shop,bakery,
2632320710,city,Santo André,addr
2632320710,street,Marina,addr
2632416321,name,Hering,
2632416321,shop,clothes,
2632827858,ele,Conjunto 61,
2632827858,name,SK Cia da Informação,
2632827858,phone,+55 11 2367 8280,
2632827858,office,research,
2632827858,website,http://skdainformacao.com.br/,
2632827858,city,São Paulo,addr
2632827858,street,Rua Barão do Triunfo,addr
2632827858,postcode,04602-002,addr
2632827858,opening_hours,09:00-18:00,
2632827858,housename,Edifício Brooklin Trade Center,addr
2632827858,housenumber,550,addr
2661679413,traffic_calming,hump,
2687705142,name,Kyoto Oriental Fast Food,
2687705142,amenity,restaurant,
2687705142,cuisine,japanese,
2687705142,city,São Paulo,addr
2687705142,street,Avenida Bernardino de Campos,addr
2687705142,postcode,04004-004,addr
2687705142,housenumber,37,addr
2691982364,name,Capão Redondo,
2691982364,source,Bing,
2691982364,subway,yes,
2691982364,railway,station,
2691982364,public_transport,stop_position,
2713378247,highway,turning_circle,
2734214535,bench,yes,
2734214535,covered,yes,
2734214535,highway,bus_stop,
2734214535,shelter,yes,
2748122303,name,Bolivia-Brazil Gas Pipeline,
2748122303,es,Gasoducto Bolivia-Brasil,name
2748122303,pt,Gasoduto Bolívia-Brasil,name
2748122303,pipeline,valve,
2748122764,power,tower,
2748125661,pipeline,valve,
2753810747,highway,traffic_signals,
2756464921,highway,traffic_signals,
2768201363,highway,traffic_signals,
2791869276,highway,bus_stop,
2791869276,shelter,yes,
2791869276,operator,ETCSBC,
2791929419,bus,yes,
2791929419,highway,bus_stop,
2791929419,shelter,yes,
2791929419,public_transport,platform,
2800739621,highway,traffic_signals,
2802169124,power,tower,
2803960322,highway,bus_stop,
2803960322,shelter,yes,
2803960322,operator,SPTrans,
2811317601,highway,turning_circle,
2814288104,highway,crossing,
2815876103,amenity,dentist,
2853920848,building,house,
2853920848,city,São Paulo,addr
2853920848,street,Rua Arruda Alvim,addr
2853920848,housenumber,203,addr
2881716976,name,Big Valle,
2881716976,shop,bakery,
2881716976,city,São Paulo,addr
2881716976,street,Avenida Guilherme,addr
2881716976,postcode,02053-000,addr
2881716976,housenumber,240,addr
2883668986,highway,crossing,
2894371772,city,São Paulo,addr
2894371772,housenumber,377,addr
2894371772,postcode,04143-010,addr
2894371772,street,Rua Itapiru,addr
2894371772,building,residential,
2894371772,levels,18,building
2894371772,name,Edifício Thomina,
2896427649,highway,turning_circle,
2899658881,building,house,
2899658881,city,São Paulo,addr
2899658881,street,Rua São José de Serzedelo,addr
2899658881,housenumber,360,addr
2902992844,power,tower,
2902994086,power,tower,
2918849496,name,Rádio Transamérica,
2918849496,man_made,tower,
2918849496,type,communication,tower
2921916752,city,São Paulo,addr
2921916752,housenumber,292,addr
2921916752,postcode,02121-010,addr
2921916752,street,Rua José Wasth Rodrigues,addr
2921916752,building,house,
2921988126,power,tower,
2921989326,power,tower,
2921990626,power,tower,
2921991026,power,tower,
2925046956,shop,vacant,
2925046956,city,São Paulo,addr
2925046956,street,Avenida General Ataliba Leonel,addr
2925046956,postcode,02033-000,addr
2925046956,housenumber,753,addr
2927878330,city,São Paulo,addr
2927878330,housenumber,105,addr
2927878330,postcode,02213-060,addr
2927878330,street,Rua Matsu Inague,addr
2927878330,building,house,
2933411446,shop,vacant,
2933411446,city,São Paulo,addr
2933411446,street,Rua Catumbi,addr
2933411446,postcode,03021-000,addr
2933411446,housenumber,248,addr
2939324701,city,São Paulo,addr
2939324701,housenumber,95,addr
2939324701,postcode,02214-030,addr
2939324701,street,Rua Francisco de Medeiros Jordão,addr
2939324701,building,warehouse,
2942633475,building,house,
2942633475,city,São Paulo,addr
2942633475,street,Rua Silva Teles,addr
2942633475,postcode,03026-000,addr
2942633475,housenumber,1026,addr
2951620723,amenity,drinking_water,
2965421567,highway,bus_stop,
2965421567,shelter,yes,
2965421567,operator,ETCSBC,
2966143321,highway,bus_stop,
2971487040,name,Pet Center Marginal,
2971487040,shop,pet,
2971487040,phone,+55 11 4128 4300,
2971487040,city,São Bernardo do Campo,addr
2971487040,street,Avenida Rotary,addr
2971487040,housenumber,825,addr
2973328504,name,P3 - Mudanças,
2973328504,phone,+55 11 4127 1266,
2973328504,city,São Bernardo do Campo,addr
2973328504,street,Praça Zanella,addr
2973328504,suburb,Santa Rita de Cássia,addr
2995296698,highway,bus_stop,
2995296698,shelter,no,
2995296698,operator,ETCSBC,
3001652740,name,Margarida Embalagens,
3001652740,shop,yes,
3001652740,city,São Bernardo do Campo,addr
3001652740,street,Avenida Robert Kennedy,addr
3001652740,suburb,Jardim Embaré,addr
3001652740,postcode,09895-005,addr
3001652740,housenumber,1541,addr
3009652247,power,tower,
3017309723,phone,+55 11 4390 0971,
3017309723,amenity,telephone,
3017309723,phone_1,+55 11 4390 0975,
3023473004,bus,yes,
3023473004,highway,bus_stop,
3023473004,public_transport,platform,
3028978536,network,EMTU,
3028978536,shelter,yes,
3028978536,operator,Metra,
3028978536,public_transport,platform,
3074364551,highway,bus_stop,
3074364551,operator,ETCSBC,
3101413042,name,Monumento ao Centenário da Imigração Japonesa,
3101413042,historic,monument,
3141143400,name,KM 26,
3158767990,highway,crossing,
3160459076,highway,turning_circle,
3166937364,natural,tree,
3183948886,name,Bradesco,
3183948886,note,Agência 2678,
3183948886,phone,+55 11 3826-3688,
3183948886,amenity,bank,
3183948886,street,Rua Barra Funda,addr
3183948886,housenumber,368,addr
3190899580,name,Palácio do Pão,
3190899580,shop,bakery,
3190899580,city,Santo André,addr
3190899580,street,Avenida Itamarati,addr
3190899580,country,BR,addr
3190899580,housenumber,1001,addr
3191535410,name,Correios,
3191535410,amenity,post_office,
3191535410,city,Santo André,addr
3191535410,street,Avenida Dom Pedro I,addr
3191535410,country,BR,addr
3191535410,housenumber,927,addr
3224261064,amenity,drinking_water,
3229002435,source,IBGE,
3247697993,name,Assaì Atacadista,
3247697993,shop,supermarket,
3247697993,operator,GPA,
3247697993,street,Avenida Guido Caloi,addr
3273659037,man_made,water_tower,
3287845021,name,Santo Arcádio,
3287845021,highway,bus_stop,
3287845021,shelter,yes,
3287845021,operator,EMTU,
3292667803,highway,traffic_signals,
3296849109,ref,108,
3296849109,name,Simão Álvares,
3296849109,source,http://www.mobilicidade.com.br/bikesampa.asp,
3296849109,amenity,bicycle_rental,
3296849109,network,Bike Sampa,
3296849109,capacity,12,
3296849109,operator,Bike Sampa,
3296849109,city,São Paulo,addr
3296849109,street,Rua Simão Álvares,addr
3296849109,suburb,Pinheiros,addr
3296849109,housenumber,770,addr
3298426613,bicycle,yes,
3298426613,highway,crossing,
3298426613,crossing,traffic_signals,
3298872466,name,Parada Portugal,
3298872466,highway,bus_stop,
3302626003,highway,turning_circle,
3307961260,name,"Restaurante0,50 centavos",
3307961260,amenity,restaurant,
3317230273,highway,crossing,
3317230273,crossing,zebra,
3329984411,name,Santander,
3329984411,amenity,bank,
3337916820,name,Bar da Madalena,
3337916820,amenity,bar,
3337916820,street,Avenida João Barreto de Menezes,addr
3337916820,housenumber,315,addr
3341098498,barrier,gate,
3341098498,entrance,yes,
3344849574,highway,turning_circle,
3358532067,ref,4,
3358532067,bicycle,yes,
3358532067,entrance,yes,
3358532478,highway,elevator,
3359537187,highway,traffic_signals,
3359993839,highway,turning_circle,
3360121103,highway,turning_circle,
3368927990,name,Uvaia Hostel,
3368927990,tourism,hostel,
3368927990,street,Rua Morgado de Mateus,addr
3368927990,housenumber,273,addr
3404109746,highway,traffic_signals,
3408151295,highway,turning_circle,
3409392543,name,Mocoto,
3409392543,note,"Cozinha brasileira , escondidinho de carne seca , caldo de mocotó etc.",
3409392543,phone,+55 1129513056,
3409392543,amenity,restaurant,
3409392543,cuisine,regional,
3409392543,smoking,outside,
3409392543,capacity,200,
3409392543,city,São Paulo,addr
3409392543,street,Avenida Nossa Senhora do Loreto,addr
3409392543,suburb,Vila Medeiros,addr
3409392543,postcode,02219-001,addr
3409392543,opening_hours,12:00-24:00,
3409392543,housenumber,1100,addr
3410825994,highway,crossing,
3416654527,highway,turning_circle,
3417540604,building,house,
3417540604,city,São Paulo,addr
3417540604,street,Avenida Sapopemba,addr
3417540604,postcode,03345-000,addr
3417540604,housenumber,696,addr
3420747776,name,Portaria,
3420747776,barrier,gate,
3422020544,building,house,
3422020544,city,São Paulo,addr
3422020544,street,Avenida Conceição,addr
3422020544,postcode,02072-002,addr
3422020544,housenumber,1951,addr
3430570501,building,house,
3430570501,city,São Paulo,addr
3430570501,street,Avenida Bom Jardim,addr
3430570501,housenumber,39,addr
3438443333,building,house,
3438443333,city,São Paulo,addr
3438443333,street,Avenida Carlos de Campos,addr
3438443333,housenumber,902,addr
3439808068,shop,yes,
3439808068,city,São Paulo,addr
3439808068,street,Avenida Guilherme Cotching,addr
3439808068,housenumber,685,addr
3441576060,building,house,
3441576060,city,São Paulo,addr
3441576060,street,Rua Alcântara,addr
3441576060,postcode,02110-010,addr
3441576060,housenumber,606,addr
3441720062,highway,crossing,
3441720062,source,survey;Bing,
3447253801,building,house,
3447253801,city,São Paulo,addr
3447253801,street,Avenida Líder,addr
3447253801,postcode,03586-000,addr
3447253801,housenumber,823,addr
3449175474,bicycle,yes,
3449175474,highway,crossing,
3449175474,crossing_ref,zebra,
3457861202,shop,yes,
3457861202,city,São Paulo,addr
3457861202,street,Rua Casimiro de Abreu,addr
3457861202,postcode,03013-000,addr
3457861202,housenumber,330,addr
3458171656,amenity,school,
3458171656,city,São Paulo,addr
3458171656,street,Avenida Alberto Byington,addr
3459489050,natural,tree,
3462033623,natural,tree,
3468000324,highway,turning_circle,
3470077119,name,Restaurante Menegon,
3470077119,amenity,restaurant,
3470077119,cuisine,regional,
3470077119,city,Itupeva,addr
3470077119,postcode,13295-000,addr
3472243447,source,survey;Bing,
3472243447,highway,crossing,
3473271227,name,Ragazzo,
3473271227,amenity,restaurant,
3473271227,cuisine,comida_italiana,
3473793032,shop,yes,
3473793032,city,São Paulo,addr
3473793032,street,Rua Tuiuti,addr
3473793032,postcode,03081-000,addr
3473793032,housenumber,1096,addr
3477014867,city,São Paulo,addr
3477014867,housenumber,1078,addr
3477014867,postcode,03053-000,addr
3477014867,street,Rua Bresser,addr
3477014867,shop,yes,
3478169856,highway,turning_circle,
3481790893,name,Padaria Dom Henrique,
3481790893,shop,bakery,
3485440545,building,house,
3485440545,city,São Paulo,addr
3485440545,street,Avenida Joaquina Ramalho,addr
3485440545,postcode,02065-040,addr
3485440545,housenumber,1426,addr
3493258015,name,Restaurante Via Sacra,
3493258015,amenity,restaurant,
3493258015,cuisine,regional,
3493258015,city,Itupeva,addr
3493258015,street,Rua Emancipadores do Município,addr
3493258015,country,BR,addr
3493258015,postcode,13295-000,addr
3493258015,housenumber,444,addr
3495690570,city,São Paulo,addr
3495690570,housenumber,590,addr
3495690570,postcode,01104-001,addr
3495690570,street,Rua São Caetano,addr
3495690570,amenity,pharmacy,
3495690570,opening_hours,Mo-Fr 09:00-21:00; Sa 09:00-16:00,
3505202648,building,house,
3505202648,city,São Paulo,addr
3505202648,street,Rua Severa,addr
3505202648,postcode,02111-001,addr
3505202648,housenumber,1017,addr
3507244736,highway,turning_loop,
3509273915,city,São Paulo,addr
3509273915,housenumber,114,addr
3509273915,postcode,03031-000,addr
3509273915,street,Rua Tiers,addr
3509273915,amenity,parking,
3509273915,capacity,100,
3509273915,fee,yes,
3509273915,supervised,yes,
3510349893,building,residential,
3510349893,city,São Paulo,addr
3510349893,street,Rua João Boemer,addr
3510349893,postcode,03018-000,addr
3510349893,housenumber,25,addr
3512795189,fee,no,
3512795189,name,Templo de Salomão Park,
3512795189,amenity,parking,
3512795189,parking,surface,
3512795189,capacity,600,
3512795189,operator,Somente Onibus,
3512795189,city,São Paulo,addr
3512795189,park_ride,yes,
3512795189,supervised,yes,
3512795189,street,Rua Joaquim Carlos,addr
3512795189,postcode,01000-000,addr
3512795189,housenumber,251,addr
3517796476,building,house,
3517796476,city,São Paulo,addr
3517796476,street,Rua das Olarias,addr
3517796476,postcode,03030-020,addr
3517796476,housenumber,431,addr
3519956393,name,Corpo de Bombeiros,
3519956393,amenity,fire_station,
3520102386,building,residential,
3520102386,city,São Paulo,addr
3520102386,street,Avenida Horácio Lafer,addr
3520102386,housenumber,355,addr
3522565253,city,São Paulo,addr
3522565253,housenumber,655,addr
3522565253,postcode,03009-100,addr
3522565253,street,Rua Monsenhor de Andrade,addr
3522565253,building,warehouse,
3529235443,name,Unibes,
3529235443,amenity,school,
3529235443,city,São Paulo,addr
3529235443,street,Rua Pedro Vicente,addr
3529235443,postcode,01109-010,addr
3529235443,housenumber,569,addr
3530946465,noexit,yes,
3531384141,building,warehouse,
3531384141,city,São Paulo,addr
3531384141,street,Rua Behring,addr
3531384141,postcode,03023-020,addr
3531384141,housenumber,26,addr
3533931627,city,São Paulo,addr
3533931627,housenumber,914,addr
3533931627,postcode,02213-000,addr
3533931627,street,Rua São Leotélio,addr
3533931627,building,house,
3535088599,amenity,pharmacy,
3544809018,building,house,
3544809018,city,São Paulo,addr
3544809018,street,Rua Francisco Duarte,addr
3544809018,postcode,02054-060,addr
3544809018,housenumber,341,addr
3551014308,building,warehouse,
3551014308,city,São Paulo,addr
3551014308,street,Rua Amanbaí,addr
3551014308,postcode,02115-001,addr
3551014308,housenumber,1188,addr
3559683593,name,Rede Bem Drogarias,
3559683593,amenity,pharmacy,
3559683593,city,São Paulo,addr
3559683593,street,Rua Coronel Diogo,addr
3559683593,postcode,01545-001,addr
3559683593,housenumber,1361,addr
3573398139,building,warehouse,
3573398139,city,São Paulo,addr
3573398139,street,Rua Maria Cândida,addr
3573398139,postcode,02071-010,addr
3573398139,housenumber,545,addr
3577367240,name,Conservatorio Musical São Paulo,
3577367240,amenity,school,
3577367240,city,São Paulo,addr
3577367240,street,Avenida Cruzeiro do Sul,addr
3577367240,postcode,02031-200,addr
3577367240,housenumber,3545,addr
3586987572,name,Marco Leite,
3586987572,place,suburb,
3592496114,building,house,
3592496114,city,São Paulo,addr
3592496114,street,Rua Coronel Jordão,addr
3592496114,postcode,02075-030,addr
3592496114,housenumber,557,addr
3615493180,building,house,
3615493180,city,Sâo Paulo,addr
3615493180,street,Rua Tenente Sotomano,addr
3615493180,postcode,02226-001,addr
3615493180,housenumber,2035,addr
3620910968,name,Jundiaí-Mirim,
3620910968,place,suburb,
3627253688,building,house,
3627253688,city,São Paulo,addr
3627253688,street,Avenida Angelina,addr
3627253688,postcode,02077-000,addr
3627253688,housenumber,534,addr
3627438810,natural,tree,
3631680558,highway,turning_circle,
3649075463,building,house,
3649075463,city,São Paulo,addr
3649075463,street,Avenida Doutor Assis Ribeiro,addr
3649075463,postcode,03717-002,addr
3649075463,housenumber,1910,addr
3649809317,noexit,yes,
3658091652,building,warehouse,
3658091652,city,São Paulo,addr
3658091652,street,Rua Guaranésia,addr
3658091652,postcode,02112-001,addr
3658091652,housenumber,768,addr
3665254057,natural,tree,
3675435391,building,house,
3675435391,city,São Paulo,addr
3675435391,street,Rua Odília Bonfim Melo,addr
3675435391,postcode,03570-210,addr
3675435391,housenumber,17,addr
3700992656,source,Bing;IBGE,
3700992656,highway,crossing,
3700992656,crossing,zebra,
3704435426,brand,BR,
3704435426,amenity,fuel,
3706003911,highway,stop,
3725490843,building,house,
3725490843,city,São Paulo,addr
3725490843,street,Rua Siqueira Bueno,addr
3725490843,postcode,03173-010,addr
3725490843,housenumber,1072,addr
3738699153,railway,subway_entrance,
3757650392,bicycle,yes,
3757650392,highway,crossing,
3757650392,crossing,traffic_signals,
3760343202,source,IBGE,
3762841513,highway,turning_circle,
3771294303,highway,turning_circle,
3793351577,building,house,
3793351577,city,São Paulo,addr
3793351577,street,Rua Dom Luís Felipe de Orleans,addr
3793351577,housenumber,482,addr
3804466224,noexit,yes,
3806751597,name,Gourmet Tea,
3806751597,amenity,restaurant,
3806751597,smoking,outside,
3806751597,street,Rua Professor Artur Ramos,addr
3808568792,power,tower,
3874054603,natural,tree,
3887873187,bench,yes,
3887873187,covered,yes,
3887873187,highway,bus_stop,
3887873187,name,Terminal Metropolino de Ferrazópolis,
3887873187,network,EMTU,
3887873187,operator,Metra,
3887873187,shelter,yes,
3891203432,noexit,yes,
3900466996,highway,turning_circle,
3901528217,highway,turning_circle,
3905394162,amenity,fuel,
3905394162,street,Avenida Líder,addr
3907245921,power,tower,
3908572613,highway,turning_circle,
3919755345,shop,yes,
3919755345,street,Avenida Júlio Buono,addr
3919755345,housenumber,767,addr
3927373109,building,house,
3927373109,city,São Paulo,addr
3927373109,street,Rua Edgar Ruzant,addr
3927373109,housenumber,956,addr
3928633745,building,house,
3928633745,city,Sâo Paulo,addr
3928633745,street,Avenida Mendes da Rocha,addr
3928633745,housenumber,19,addr
3929296479,building,house,
3929296479,city,São Paulo,addr
3929296479,street,Rua Ida Boschetti,addr
3929296479,postcode,02205-010,addr
3929296479,housenumber,203,addr
3931987507,building,house,
3931987507,city,São Paulo,addr
3931987507,street,Rua Padre Marcos Simoni,addr
3931987507,postcode,02203-010,addr
3931987507,housenumber,285,addr
3938709635,city,São Paulo,addr
3938709635,housenumber,464,addr
3938709635,postcode,02215-000,addr
3938709635,street,Rua Reverendo Israel Vieira Ferreira,addr
3938709635,amenity,fast_food,
3938709635,cuisine,pizza,
3938709635,delivery,yes,
3938709635,drive_through,yes,
3938709635,name,Pizza 30,
3938709635,opening_hours,19:00- 24:00,
3938709635,phone,+55 11 2951-5746,
3938709635,takeaway,only,
3940801066,building,commercial,
3940801066,city,São Paulo,addr
3940801066,street,Avenida Celso Garcia,addr
3940801066,postcode,03014-000,addr
3940801066,housenumber,14,addr
3942012602,name,Mcdonald's,
3942012602,amenity,fast_food,
3944912717,amenity,pharmacy,
3944912717,city,São Paulo,addr
3944912717,street,Avenida Celso Garcia,addr
3944912717,postcode,03063-000,addr
3944912717,housenumber,4639,addr
3948393866,city,São Paulo,addr
3948393866,housenumber,267,addr
3948393866,postcode,02055-000,addr
3948393866,street,Rua José Bernardo Pinto,addr
3948393866,amenity,pub,
3948410383,building,commercial,
3948410383,city,São Paulo,addr
3948410383,street,Rua Amazonas da Silva,addr
3948410383,postcode,02051-000,addr
3948410383,housenumber,100,addr
3949316860,name,Hospital Nossa Senhora do pari,
3949316860,barrier,gate,
3949316860,city,São Paulo,addr
3949316860,street,Rua Hannemann,addr
3949316860,postcode,03031-040,addr
3949316860,housenumber,234,addr
3960118499,building,house,
3960118499,city,São Paulo,addr
3960118499,street,Rua São Leotélio,addr
3960118499,postcode,02213-000,addr
3960118499,housenumber,13,addr
3960685982,building,house,
3960685982,city,São Paulo,addr
3960685982,street,Avenida Professor Castro Junior,addr
3960685982,housenumber,86,addr
3961346210,building,house,
3961346210,city,São Paulo,addr
3961346210,street,Rua Alto Porã,addr
3961346210,postcode,02211-010,addr
3961346210,housenumber,14,addr
3962570155,name,Rockabilly Burger,
3962570155,level,0,
3962570155,indoor,yes,
3962570155,amenity,fast_food,
3962570155,cuisine,burger,
3976333982,building,house,
3976333982,city,São Paulo,addr
3976333982,street,Rua Tanque Velho,addr
3976333982,postcode,02251-002,addr
3976333982,housenumber,1545,addr
3984064646,building,commercial,
3984064646,city,São Paulo,addr
3984064646,street,Rua Cuiabá,addr
3984064646,postcode,03183-000,addr
3984064646,housenumber,283,addr
3987095224,highway,crossing,
3987095224,crossing,uncontrolled,
3987095224,crossing_ref,zebra,
3987999864,name,Atacadista SETA,
3987999864,shop,supermarket,
3987999864,city,São Paulo,addr
3987999864,street,Avenida Osvaldo Valle Cordeiro,addr
3987999864,suburb,Savoy,addr
3987999864,opening_hours,07:00às 22:00,
3995579490,bus,yes,
3995579490,highway,bus_stop,
3995579490,public_transport,platform,
4005889700,amenity,bench,
4012665109,crossing,zebra,
4012665109,highway,crossing,
4015904224,shop,convenience,
4018487905,name,Centro Cultural Raul Cortez,
4018487905,amenity,arts_centre,
4018488305,historic,memorial,
4018489792,barrier,toll_booth,
4024140665,city,São Paulo,addr
4024140665,street,Rua Pamplona,addr
4024140665,postcode,01405-000,addr
4024140665,housenumber,21,addr
4040293949,highway,turning_loop,
4040600231,amenity,parking,
4043569317,city,São Paulo,addr
4043569317,housenumber,1280,addr
4043569317,postcode,04043-150,addr
4043569317,street,Rua Luis Góis,addr
4043569317,shop,lottery,
4051980493,bench,yes,
4059058087,traffic_calming,bump,
4062220633,name,Morais de Barros,
4062220633,highway,bus_stop,
4070833738,shop,yes,
4070833738,city,São Paulo,addr
4070833738,street,Avenida Água Fria,addr
4070833738,postcode,02333-001,addr
4070833738,housenumber,1555,addr
4100183196,highway,traffic_signals,
4121548282,name,Açaí Clube,
4121548282,amenity,bicycle_rental,
4124206999,name,255. Professor João Arruda,
4124206999,amenity,bicycle_rental,
4128411490,name,Banca Bruno,
4128411490,shop,newsagent,
4128411490,phone,+55 11 3289-7776,
4128411490,street,Avenida Paulista,addr
4128411490,opening_hours,24/7,
4132957192,foot,private,
4132957192,access,no,
4132957192,bicycle,private,
4132957192,entrance,main,
4133991813,power,tower,
4134337544,highway,traffic_signals,
4134337544,traffic_signals,signal,
4136101115,name,Cidade São Jorge,
4136101115,place,suburb,
4136101115,source,Prefeitura Municipal de Santo André,
4136981301,power,tower,
4144217286,crossing,uncontrolled,
4144217286,crossing_ref,zebra,
4144217286,highway,crossing,
4145735072,natural,tree,
4145735072,leaf_type,broadleaved,
4146959205,name,Parque Rio Grande,
4146959205,place,suburb,
4146959205,source,Prefeitura Municipal de Santo André,
4153849694,name,Portão 3-Ibirapuera,
4153849694,horse,no,
4153849694,access,permissive,
4153849694,barrier,gate,
4153849694,motor_vehicle,no,
4158579000,source,Bing,
4158579000,highway,crossing,
4158579000,crossing_ref,zebra,
4158579000,uncontrolled,yes,
4168173754,building,industrial,
4168173754,city,Osasco,addr
4168173754,street,Avenida João Batista,addr
4168173754,postcode,06097-105,addr
4168173754,housenumber,815,addr
4168379190,building,yes,
4168379190,street,Rua Joaquim Floriano,addr
4168379190,date,2016-05-05,survey
4168379190,housenumber,304,addr
4173444432,name,Banco 24 Horas,
4173444432,amenity,atm,
4176578024,natural,tree,
4193736466,noexit,yes,
4193800884,amenity,waste_basket,
4202261611,entrance,main,
4207471513,highway,traffic_signals,
4212484016,bicycle,designated,
4213907008,source,Bing,
4213907008,highway,crossing,
4213907008,crossing_ref,zebra,
4213907008,uncontrolled,yes,
4213964422,crossing_ref,zebra,
4213964422,highway,crossing,
4213964422,source,Bing,
4213964422,uncontrolled,yes,
4213981032,crossing_ref,zebra,
4213981032,highway,crossing,
4213981032,source,Bing,
4213981032,uncontrolled,yes,
4213992696,source,Bing,
4213992696,highway,crossing,
4213992696,crossing_ref,zebra,
4213992696,uncontrolled,yes,
4215691190,source,Bing,
4215691190,highway,crossing,
4215691190,crossing_ref,zebra,
4215691190,uncontrolled,yes,
4227249922,city,São Paulo,addr
4227249922,housenumber,226,addr
4227249922,postcode,01124-010,addr
4227249922,street,Rua Bandeirantes,addr
4227249922,building,residential,
4227640370,source,Bing,
4227640370,highway,crossing,
4227640370,crossing_ref,zebra,
4227640370,uncontrolled,yes,
4232919238,highway,stop,
4238234501,crossing_ref,zebra,
4238234501,highway,crossing,
4238234501,source,Bing,
4238234501,uncontrolled,yes,
4243513726,amenity,pub,
4243513726,city,São Paulo,addr
4243513726,street,Rua Guaipá,addr
4243513726,postcode,05089-000,addr
4243513726,housenumber,1624,addr
4248771104,shop,yes,
4248771104,city,São Paulo,addr
4248771104,street,Rua Maria Marcolina,addr
4248771104,postcode,03011-000,addr
4248771104,housenumber,935,addr
4249106356,name,Subway,
4249106356,amenity,fast_food,
4249106356,cuisine,sandwich,
4249106356,smoking,outside,
4249106356,city,São Bernardo do Campo,addr
4249106356,street,Rua Marechal Deodoro,addr
4249106356,suburb,Ferrazópolis,addr
4249106356,drive_through,no,
4249819225,highway,turning_circle,
4251713768,crossing_ref,zebra,
4251713768,highway,crossing,
4251713768,source,Bing,
4251713768,uncontrolled,yes,
4252582590,crossing_ref,zebra,
4252582590,highway,crossing,
4252582590,source,Bing,
4252582590,uncontrolled,yes,
4255588248,crossing_ref,zebra,
4255588248,highway,crossing,
4255588248,source,Bing,
4255588248,uncontrolled,yes,
4257053969,name,Parada Continental,
4257053969,bench,yes,
4257053969,covered,yes,
4257053969,highway,bus_stop,
4257053969,network,ETCSBC,
4257053969,operator,SBCTrans,
4257969708,source,Bing,
4257969708,highway,crossing,
4257969708,crossing_ref,zebra,
4257969708,uncontrolled,yes,
4260401090,name,Corinthians Planeta Bola,
4260401090,amenity,school,
4264882249,source,Bing,
4264882249,highway,crossing,
4264882249,crossing_ref,zebra,
4264882249,uncontrolled,yes,
4265745717,source,Bing,
4265745717,highway,crossing,
4265745717,crossing_ref,zebra,
4265745717,uncontrolled,yes,
4270495175,highway,turning_circle,
4272404657,city,São Paulo,addr
4272404657,housenumber,956,addr
4272404657,postcode,02043-061,addr
4272404657,street,Rua Almirante Noronha,addr
4272404657,building,residential,
4281315707,access,destination,
4281315707,barrier,gate,
4281315707,entrance,main_entrance,
4281315707,name,Residencial Porta do Sol (portaria 1 entrada),
4285930660,building,house,
4285930660,city,São Paulo,addr
4285930660,street,Rua Serra da Bocaina,addr
4285930660,postcode,03174-000,addr
4285930660,housenumber,142,addr
4305936132,source,pmsp,
4305936508,source,pmsp,
4305936608,source,pmsp,
4305936715,source,pmsp,
4305936815,source,pmsp,
4305936915,source,pmsp,
4305937015,source,pmsp,
4305937215,source,pmsp,
4305937315,source,pmsp,
4305937415,source,pmsp,
4305937515,source,pmsp,
4305937773,source,pmsp,
4305937973,source,pmsp,
4305938090,source,pmsp,
4305938190,source,pmsp,
4305938290,source,pmsp,
4305938390,source,pmsp,
4305938490,source,pmsp,
4305938590,source,pmsp,
4305938814,source,pmsp,
4305938914,source,pmsp,
4305939114,source,pmsp,
4305939261,source,pmsp,
4305939361,source,pmsp,
4305939661,source,pmsp,
4305939761,source,pmsp,
4305939917,source,pmsp,
4305940106,source,pmsp,
4305940206,source,pmsp,
4305940410,source,pmsp,
4305940710,source,pmsp,
4305940810,source,pmsp,
4305940910,source,pmsp,
4305941010,source,pmsp,
4305941210,source,pmsp,
4305941510,source,pmsp,
4305941810,source,pmsp,
4305942010,source,pmsp,
4305942110,source,pmsp,
4305942210,source,pmsp,
4305942310,source,pmsp,
4305942510,source,pmsp,
4305942810,source,pmsp,
4305943210,source,pmsp,
4305943510,source,pmsp,
4305943766,source,pmsp,
4305943966,source,pmsp,
4305944366,source,pmsp,
4305944666,source,pmsp,
4305944966,source,pmsp,
4305945366,source,pmsp,
4305945566,source,pmsp,
4305945966,source,pmsp,
4305998987,source,pmsp,
4306000487,source,pmsp,
4306000787,source,pmsp,
4306001287,source,pmsp,
4306001487,source,pmsp,
4306001987,source,pmsp,
4306002187,source,pmsp,
4306002887,source,pmsp,
4306003087,source,pmsp,
4306003587,source,pmsp,
4306003787,source,pmsp,
4306003926,source,pmsp,
4306004026,source,pmsp,
4306004126,source,pmsp,
4306004226,source,pmsp,
4306004346,source,pmsp,
4306004446,source,pmsp,
4306004546,source,pmsp,
4306119873,source,pmsp,
4306126758,source,pmsp,
4306127052,source,pmsp,
4306127152,source,pmsp,
4306127252,source,pmsp,
4306127384,source,pmsp,
4306127498,source,pmsp,
4306127598,source,pmsp,
4306127701,source,pmsp,
4306127801,source,pmsp,
4306127901,source,pmsp,
4306128001,source,pmsp,
4306128304,source,pmsp,
4306128436,source,pmsp,
4306128536,source,pmsp,
4306128636,source,pmsp,
4306128736,source,pmsp,
4306128836,source,pmsp,
4306129058,source,pmsp,
4306129205,source,pmsp,
4306129430,source,pmsp,
4306129530,source,pmsp,
4306129683,source,pmsp,
4306129791,source,pmsp,
4306129891,source,pmsp,
4306130024,source,pmsp,
4306130324,source,pmsp,
4306130493,source,pmsp,
4306130593,source,pmsp,
4306130693,source,pmsp,
4306130893,source,pmsp,
4306131227,source,pmsp,
4306131527,source,pmsp,
4306131864,source,pmsp,
4306132064,source,pmsp,
4306132368,source,pmsp,
4306132768,source,pmsp,
4306133431,source,pmsp,
4306133731,source,pmsp,
4306134035,source,pmsp,
4306134335,source,pmsp,
4306134715,source,pmsp,
4306135015,source,pmsp,
4306135315,source,pmsp,
4306135615,source,pmsp,
4306136021,source,pmsp,
4306136221,source,pmsp,
4306136740,source,pmsp,
4306136940,source,pmsp,
4306137340,source,pmsp,
4306137640,source,pmsp,
4306137740,source,pmsp,
4306137896,source,pmsp,
4306138032,source,pmsp,
4306138140,source,pmsp,
4306138340,source,pmsp,
4306138440,source,pmsp,
4306138540,source,pmsp,
4306138746,source,pmsp,
4306138846,source,pmsp,
4306138946,source,pmsp,
4306139110,source,pmsp,
4306139602,source,pmsp,
4306139802,source,pmsp,
4306140002,source,pmsp,
4306140202,source,pmsp,
4306140302,source,pmsp,
4306158224,source,pmsp,
4306158724,source,pmsp,
4306158847,source,pmsp,
4306159847,source,pmsp,
4306160347,source,pmsp,
4306161269,source,pmsp,
4306161746,source,pmsp,
4306161989,source,pmsp,
4306162389,source,pmsp,
4306162589,source,pmsp,
4306163089,source,pmsp,
4306163220,source,pmsp,
4306163420,source,pmsp,
4306163531,source,pmsp,
4306163931,source,pmsp,
4306164113,source,pmsp,
4306164370,source,pmsp,
4306164670,source,pmsp,
4306165088,source,pmsp,
4306165488,source,pmsp,
4306165988,source,pmsp,
4306167057,source,pmsp,
4306167157,source,pmsp,
4306167457,source,pmsp,
4306167829,source,pmsp,
4306168029,source,pmsp,
4306168229,source,pmsp,
4306168474,source,pmsp,
4306168574,source,pmsp,
4306168822,source,pmsp,
4306169036,source,pmsp,
4306169136,source,pmsp,
4306169365,source,pmsp,
4306169565,source,pmsp,
4306169693,source,pmsp,
4306169895,source,pmsp,
4306170018,source,pmsp,
4306170118,source,pmsp,
4306170228,source,pmsp,
4306170349,source,pmsp,
4306170450,source,pmsp,
4306170550,source,pmsp,
4306170654,source,pmsp,
4306170754,source,pmsp,
4306170954,source,pmsp,
4306171054,source,pmsp,
4306171233,source,pmsp,
4306171333,source,pmsp,
4306171449,source,pmsp,
4306171580,source,pmsp,
4306171732,source,pmsp,
4306171901,source,pmsp,
4306172001,source,pmsp,
4306172305,source,pmsp,
4306172405,source,pmsp,
4306172605,source,pmsp,
4306172705,source,pmsp,
4306173505,source,pmsp,
4306213418,source,pmsp,
4306258052,source,pmsp,
4306258152,source,pmsp,
4306258352,source,pmsp,
4306258452,source,pmsp,
4306258552,source,pmsp,
4306258665,source,pmsp,
4306258765,source,pmsp,
4306258865,source,pmsp,
4306258965,source,pmsp,
4306259065,source,pmsp,
4306259265,source,pmsp,
4306259365,source,pmsp,
4306259465,source,pmsp,
4306259652,source,pmsp,
4306259922,source,pmsp,
4306260022,source,pmsp,
4306260203,source,pmsp,
4306260303,source,pmsp,
4306260403,source,pmsp,
4306260503,source,pmsp,
4306260803,source,pmsp,
4306260903,source,pmsp,
4306261003,source,pmsp,
4306261103,source,pmsp,
4306261203,source,pmsp,
4306261303,source,pmsp,
4306261472,source,pmsp,
4306261572,source,pmsp,
4306261772,source,pmsp,
4306261872,source,pmsp,
4306261975,source,pmsp,
4306262075,source,pmsp,
4306262175,source,pmsp,
4306262275,source,pmsp,
4306262375,source,pmsp,
4306262475,source,pmsp,
4306262591,source,pmsp,
4306262721,source,pmsp,
4306262905,source,pmsp,
4306263005,source,pmsp,
4306263136,source,pmsp,
4306263236,source,pmsp,
4306263336,source,pmsp,
4306263436,source,pmsp,
4306263648,source,pmsp,
4306263748,source,pmsp,
4306263948,source,pmsp,
4306264048,source,pmsp,
4306264148,source,pmsp,
4306328282,source,pmsp,
4306348158,source,pmsp,
4306348258,source,pmsp,
4306348370,source,pmsp,
4306348470,source,pmsp,
4306348600,source,pmsp,
4306348700,source,pmsp,
4306348821,source,pmsp,
4306348921,source,pmsp,
4306349021,source,pmsp,
4306349121,source,pmsp,
4306349221,source,pmsp,
4306349321,source,pmsp,
4306349421,source,pmsp,
4306349521,source,pmsp,
4306349625,source,pmsp,
4306349725,source,pmsp,
4306349825,source,pmsp,
4306349925,source,pmsp,
4306350025,source,pmsp,
4306350125,source,pmsp,
4306350268,source,pmsp,
4306350368,source,pmsp,
4306350468,source,pmsp,
4306350568,source,pmsp,
4306350728,source,pmsp,
4306350828,source,pmsp,
4306350928,source,pmsp,
4306351028,source,pmsp,
4306599372,source,pmsp,
4306604681,source,pmsp,
4306606301,source,pmsp,
4306607089,source,pmsp,
4306607389,source,pmsp,
4306607556,source,pmsp,
4306607985,source,pmsp,
4306608185,source,pmsp,
4306608385,source,pmsp,
4306608885,source,pmsp,
4306609900,source,pmsp,
4306610500,source,pmsp,
4306611097,source,pmsp,
4306611397,source,pmsp,
4306611783,source,pmsp,
4306612416,source,pmsp,
4306612616,source,pmsp,
4306612828,source,pmsp,
4306613029,source,pmsp,
4306613529,source,pmsp,
4306613633,source,pmsp,
4306613833,source,pmsp,
4306614486,source,pmsp,
4306614786,source,pmsp,
4306614904,source,pmsp,
4306615004,source,pmsp,
4306615177,source,pmsp,
4306615277,source,pmsp,
4306615377,source,pmsp,
4306615479,source,pmsp,
4306615675,source,pmsp,
4306615785,source,pmsp,
4306615885,source,pmsp,
4306615985,source,pmsp,
4306616085,source,pmsp,
4306616185,source,pmsp,
4306616285,source,pmsp,
4306616457,source,pmsp,
4306616557,source,pmsp,
4306616675,source,pmsp,
4306616775,source,pmsp,
4306616995,source,pmsp,
4306617175,source,pmsp,
4306617398,source,pmsp,
4306617498,source,pmsp,
4306618202,source,pmsp,
4306618302,source,pmsp,
4306618502,source,pmsp,
4306618602,source,pmsp,
4306618702,source,pmsp,
4306618802,source,pmsp,
4306618902,source,pmsp,
4306619002,source,pmsp,
4306619102,source,pmsp,
4306619202,source,pmsp,
4306619302,source,pmsp,
4306619402,source,pmsp,
4306619679,source,pmsp,
4306619779,source,pmsp,
4306619880,source,pmsp,
4306619980,source,pmsp,
4306620107,source,pmsp,
4306620207,source,pmsp,
4306620326,source,pmsp,
4306620426,source,pmsp,
4306620528,source,pmsp,
4306620628,source,pmsp,
4306620728,source,pmsp,
4306620828,source,pmsp,
4306620951,source,pmsp,
4306621111,source,pmsp,
4306621211,source,pmsp,
4306621311,source,pmsp,
4306621419,source,pmsp,
4306621519,source,pmsp,
4306621657,source,pmsp,
4306621758,source,pmsp,
4306621870,source,pmsp,
4306621970,source,pmsp,
4306622228,source,pmsp,
4306622428,source,pmsp,
4306622667,source,pmsp,
4306678032,source,pmsp,
4306678633,source,pmsp,
4306678746,source,pmsp,
4306678846,source,pmsp,
4306678946,source,pmsp,
4306679107,source,pmsp,
4306679207,source,pmsp,
4306679310,source,pmsp,
4306679410,source,pmsp,
4306679510,source,pmsp,
4306679611,source,pmsp,
4306679711,source,pmsp,
4306679811,source,pmsp,
4306679911,source,pmsp,
4306680030,source,pmsp,
4306680130,source,pmsp,
4306680230,source,pmsp,
4306680330,source,pmsp,
4306680430,source,pmsp,
4306680569,source,pmsp,
4306680669,source,pmsp,
4306680769,source,pmsp,
4306680869,source,pmsp,
4306681004,source,pmsp,
4306681179,source,pmsp,
4306681279,source,pmsp,
4306681447,source,pmsp,
4306681557,source,pmsp,
4306681657,source,pmsp,
4306681757,source,pmsp,
4306681957,source,pmsp,
4306682230,source,pmsp,
4306682330,source,pmsp,
4306682430,source,pmsp,
4306682530,source,pmsp,
4306682630,source,pmsp,
4306682730,source,pmsp,
4306682849,source,pmsp,
4306682949,source,pmsp,
4306683049,source,pmsp,
4306683401,source,pmsp,
4306683701,source,pmsp,
4306683899,source,pmsp,
4306684099,source,pmsp,
4306684220,source,pmsp,
4306684320,source,pmsp,
4306684420,source,pmsp,
4306684520,source,pmsp,
4306684620,source,pmsp,
4306684720,source,pmsp,
4306684820,source,pmsp,
4306684920,source,pmsp,
4306685045,source,pmsp,
4306685145,source,pmsp,
4306685245,source,pmsp,
4306685345,source,pmsp,
4306685445,source,pmsp,
4306685745,source,pmsp,
4306686044,source,pmsp,
4306686144,source,pmsp,
4306686244,source,pmsp,
4306686367,source,pmsp,
4306686467,source,pmsp,
4306686567,source,pmsp,
4306686667,source,pmsp,
4306686767,source,pmsp,
4306686867,source,pmsp,
4306686967,source,pmsp,
4306687067,source,pmsp,
4306687167,source,pmsp,
4306687267,source,pmsp,
4306687367,source,pmsp,
4306687467,source,pmsp,
4306687567,source,pmsp,
4306687667,source,pmsp,
4306687767,source,pmsp,
4306687867,source,pmsp,
4306713480,source,pmsp,
4306713604,source,pmsp,
4306713704,source,pmsp,
4306713804,source,pmsp,
4306713904,source,pmsp,
4306714004,source,pmsp,
4306714104,source,pmsp,
4306714204,source,pmsp,
4306714304,source,pmsp,
4306714404,source,pmsp,
4306714504,source,pmsp,
4306714632,source,pmsp,
4306714732,source,pmsp,
4306714832,source,pmsp,
4306715032,source,pmsp,
4306715217,source,pmsp,
4306715317,source,pmsp,
4306715417,source,pmsp,
4306715517,source,pmsp,
4306715632,source,pmsp,
4306715766,source,pmsp,
4306715866,source,pmsp,
4306715966,source,pmsp,
4306716066,source,pmsp,
4306716166,source,pmsp,
4306716266,source,pmsp,
4306716366,source,pmsp,
4306716614,source,pmsp,
4306716914,source,pmsp,
4306717414,source,pmsp,
4306717714,source,pmsp,
4306718126,source,pmsp,
4306718426,source,pmsp,
4306718726,source,pmsp,
4306718826,source,pmsp,
4306718926,source,pmsp,
4306719026,source,pmsp,
4306719126,source,pmsp,
4306719240,source,pmsp,
4306719340,source,pmsp,
4306719440,source,pmsp,
4306719540,source,pmsp,
4306719640,source,pmsp,
4306719740,source,pmsp,
4306719840,source,pmsp,
4306719940,source,pmsp,
4306720107,source,pmsp,
4306720207,source,pmsp,
4306720407,source,pmsp,
4306720507,source,pmsp,
4306720607,source,pmsp,
4306720707,source,pmsp,
4306720807,source,pmsp,
4306720907,source,pmsp,
4306721010,source,pmsp,
4306721110,source,pmsp,
4306721210,source,pmsp,
4306721310,source,pmsp,
4306721410,source,pmsp,
4306721510,source,pmsp,
4306721610,source,pmsp,
4306721710,source,pmsp,
4306721907,source,pmsp,
4310029621,source,Bing,
4310029621,highway,crossing,
4310029621,crossing_ref,zebra,
4310029621,uncontrolled,yes,
4311619640,name,São Judas,
4311619640,place,suburb,
4331202341,highway,street_lamp,
4333969662,building,house,
4333969662,city,São Paulo,addr
4333969662,street,Rua Fernando Falcão,addr
4333969662,postcode,03180-002,addr
4333969662,housenumber,1174,addr
4348163235,natural,tree,
4354858244,highway,turning_circle,
4360660814,access,destination,
4360660814,barrier,gate,
4360660814,entrance,main_entrance,
4360660814,exit,yes,
4367086289,city,São Caetano do Sul,addr
4367086289,housenumber,769,addr
4367086289,state,SP,addr
4367086289,street,Avenida Visconde de Inhaúma,addr
4367086289,name,Revistaria MR,
4367086289,shop,newsagent,
4367086289,wheelchair,yes,
4379781472,city,São Paulo,addr
4379781472,housenumber,167,addr
4379781472,postcode,03027-000,addr
4379781472,street,Rua Xavantes,addr
4379781472,building,residential,
4384455285,city,São Paulo,addr
4384455285,housenumber,80,addr
4384455285,postcode,03012-040,addr
4384455285,street,Rua Doutor Manuel Vitorino,addr
4384455285,shop,yes,
4392498925,city,São Paulo,addr
4392498925,housenumber,426,addr
4392498925,postcode,03027-000,addr
4392498925,street,Rua Xavantes,addr
4392498925,shop,clothes,
4396817667,natural,tree,
4398050026,city,São Paulo,addr
4398050026,housenumber,2373,addr
4398050026,postcode,02011-600,addr
4398050026,street,Rua Voluntários da Pátria,addr
4398050026,name,INSS,
4398050026,office,government,
4401545803,city,São Paulo,addr
4401545803,housenumber,306,addr
4401545803,postcode,03184-080,addr
4401545803,street,Rua Barretos,addr
4401545803,building,house,
4424866704,highway,traffic_signals,
4436817649,city,São Paulo,addr
4436817649,housenumber,200,addr
4436817649,postcode,02510-040,addr
4436817649,street,Rua Doutor Mello Nogueira,addr
4436817649,building,warehouse,
4441304742,city,São Paulo,addr
4441304742,housenumber,1694,addr
4441304742,street,Avenida Zaki Narchi,addr
4441304742,building,industrial,
4443098464,access,destination,
4443098464,barrier,gate,
4443098464,entrance,yes,
4443098464,name,Condominio Residencial Conjunto das Americas,
4444322040,city,São Paulo,addr
4444322040,housenumber,3893,addr
4444322040,postcode,02135-001,addr
4444322040,street,Avenida Conceição,addr
4444322040,building,house,
4447981081,city,São Paulo,addr
4447981081,housenumber,69,addr
4447981081,postcode,02072-000,addr
4447981081,street,Avenida Conceição,addr
4447981081,shop,car_repair,
4449872456,name,Piqueri,
4449872456,public_transport,station,
4449872456,railway,station,
4449872456,ref,PQR,
4449872456,train,yes,
4459763336,crossing,zebra,
4459763336,highway,crossing,
4459815490,city,São Paulo,addr
4459815490,housenumber,30,addr
4459815490,postcode,03185-050,addr
4459815490,street,Rua Florianópolis,addr
4459815490,building,house,
4465449493,city,São Bernardo do Campo,addr
4465449493,street,Rua João Pessoa,addr
4465449493,name,Jabuticabeira,
4465449493,shop,fashion,
4470687912,amenity,pharmacy,
4470687912,name,Farmácia da Vila,
4479243242,fixme,Precisa verificar o tipo de estabelecimento,
4479243242,level,1,
4479243242,shop,yes,
4480268101,city,São Paulo,addr
4480268101,housenumber,748,addr
4480268101,postcode,02053-001,addr
4480268101,street,Avenida Guilherme,addr
4480268101,building,house,
4481693849,city,São Paulo,addr
4481693849,housenumber,652,addr
4481693849,postcode,02053-001,addr
4481693849,street,Avenida Guilherme,addr
4481693849,building,house,
4483175956,housenumber,195,addr
4483175956,street,Rua Leontina Attuy Nogueira,addr
4483175956,source,"Bing,Mapillary,survey",
4485632699,city,São Paulo,addr
4485632699,housenumber,374,addr
4485632699,postcode,02053-000,addr
4485632699,street,Avenida Guilherme,addr
4485632699,building,warehouse,
4490979243,city,São Paulo,addr
4490979243,housenumber,S/N,addr
4490979243,postcode,02135-000,addr
4490979243,street,Avenida Conceição,addr
4490979243,building,house,
4492835932,city,São Paulo,addr
4492835932,housenumber,544,addr
4492835932,postcode,02215-000,addr
4492835932,street,Rua Reverendo Israel Vieira Ferreira,addr
4492835932,building,house,
4494893168,city,São Paulo,addr
4494893168,housenumber,494,addr
4494893168,postcode,02215-000,addr
4494893168,street,Rua Reverendo Israel Vieira Ferreira,addr
4494893168,building,house,
4506194367,city,São Paulo,addr
4506194367,housenumber,128B,addr
4506194367,postcode,02215-010,addr
4506194367,street,Rua Eurico Sodre,addr
4506194367,building,house,
4508039887,city,São Paulo,addr
4508039887,housenumber,2764B,addr
4508039887,postcode,02209-001,addr
4508039887,street,Avenida Gustavo Adolfo,addr
4508039887,building,house,
4513511227,city,São Paulo,addr
4513511227,housenumber,281,addr
4513511227,postcode,02215-000,addr
4513511227,street,Rua Reverendo Israel Vieira Ferreira,addr
4513511227,bench,no,
4513511227,covered,no,
4513511227,highway,bus_stop,
4513511227,shelter,no,
4515855543,amenity,fast_food,
4515855543,cuisine,churros,
4515855543,name,Churros Parada Gourmet,
4517887658,highway,turning_circle,
4517965216,city,São Paulo,addr
4517965216,housenumber,250,addr
4517965216,postcode,01207-000,addr
4517965216,street,Rua Santa Ifigênia,addr
4517965216,opening_hours,Mo-Fr 08:00-17:30; Sa 08:00-12:00,
4517965216,shop,video_games,
4518913516,city,São Paulo,addr
4518913516,housenumber,99,addr
4518913516,postcode,01207-001,addr
4518913516,street,Rua Santa Ifigênia,addr
4518913516,name,Eletrica Paulista,
4518913516,opening_hours,Mo-Fr 08:00-17:30; Sa 08:00-12:00,
4518913516,shop,electronics,
4523262994,housenumber,292,addr
4523262994,street,Rua Curitiba,addr
4523262994,name,Feira Orgânica do Ibirapuera,
4523262994,en,Ibirapuera Organic Farmer's Market,name
4523262994,opening_hours,Sa 07:00-13:00,
4523262994,shop,greengrocer,
4526413326,city,São Paulo,addr
4526413326,housenumber,48,addr
4526413326,postcode,01044-000,addr
4526413326,street,Rua Sete de Abril,addr
4526413326,shop,fashion,
4530304317,city,São Paulo,addr
4530304317,housenumber,195,addr
4530304317,postcode,01207-001,addr
4530304317,street,Rua Santa Ifigênia,addr
4530304317,name,Shopping Brasil (fechado),
4530304317,shop,mall,
4531069797,access,private,
4531069797,barrier,gate,
4531069797,name,Portão B,
4531069797,ref,B,
4531069797,supervised,yes,
4539665140,highway,stop,
4541395453,city,São Paulo,addr
4541395453,housenumber,192,addr
4541395453,postcode,03013-000,addr
4541395453,street,Rua Casimiro de Abreu,addr
4541395453,amenity,cafe,
4541395453,cuisine,regional,
4541395453,name,Cafeteria da Maria,
4541395453,opening_hours,Mo-Fr 08:00-18:00; Sa 08:00-12:00,
4541738473,city,São Paulo,addr
4541738473,housenumber,671,addr
4541738473,postcode,03011-001,addr
4541738473,street,Rua Maria Marcolina,addr
4541738473,opening_hours,Mo-Fr 08:00-18:00; Sa 08:00-12:00,
4541738473,shop,clothes,
4545254072,city,São Paulo,addr
4545254072,housenumber,623,addr
4545254072,postcode,02219-000,addr
4545254072,street,Avenida Nossa Senhora do Loreto,addr
4545254072,building,yes,
